厳選 魚沼産コシヒカリ 精米 (5㎏)令和6年産 お米のたかさか,"6,480",2025-06-20 10:58:28.359516
厳選 魚沼産コシヒカリ 精米 (5㎏)令和6年産 お米のたかさか,"6,480",2025-06-20 19:12:24.044727
厳選 魚沼産コシヒカリ 精米 (5㎏)令和6年産 お米のたかさか,"6,480",2025-06-21 15:28:14.362004
厳選 魚沼産コシヒカリ 精米 (5㎏)令和6年産 お米のたかさか,"6,480",2025-06-22 17:49:00.331619
厳選 魚沼産コシヒカリ 精米 (5㎏)令和6年産 お米のたかさか,"6,480",2025-06-23 16:27:45.505002
厳選 魚沼産コシヒカリ 精米 (5㎏)令和6年産 お米のたかさか,"6,480",2025-06-24 17:33:38.791111
厳選 魚沼産コシヒカリ 精米 (5㎏)令和6年産 お米のたかさか,"6,480",2025-06-25 16:04:02.330417
厳選 魚沼産コシヒカリ 精米 (5㎏)令和6年産 お米のたかさか,"6,480",2025-06-26 16:57:56.838240
厳選 魚沼産コシヒカリ 精米 (5㎏)令和6年産 お米のたかさか,"6,480",2025-06-27 10:22:19.188577
厳選 魚沼産コシヒカリ 精米 (5㎏)令和6年産 お米のたかさか,"6,480",2025-06-28 12:11:37.694151
2025-06-30 09:20:422025-06-30 09:36:49string to test